{"cameraMode":{"drawMode":0,"name":"Shaded","section":"Shading Mode"},"sceneLighting":true,"audioPlay":false,"sceneViewState":{"m_AlwaysRefresh":false,"showFog":true,"showSkybox":true,"showFlares":true,"showImageEffects":true,"showParticleSystems":true,"showVisualEffectGraphs":true,"m_FxEnabled":true},"in2DMode":false,"pivot":{"x":0.45719748735427859,"y":1.1164299249649048,"z":1.0449045896530152},"rotation":{"x":-0.001895766006782651,"y":0.9929920434951782,"z":-0.11702538281679154,"w":-0.016086922958493234},"size":3.1246564388275148,"orthographic":false}